epoch,accuracy,learning_rate,loss,val_accuracy,val_loss
0,0.6563666462898254,0.0003000000142492354,0.9866814017295837,0.22824536263942719,1.9382754564285278
1,0.7434674501419067,0.0003000000142492354,0.6996937394142151,0.17047075927257538,3.7234413623809814
2,0.789921224117279,0.0003000000142492354,0.5882813334465027,0.3095577657222748,2.0222136974334717
3,0.7990460395812988,0.0003000000142492354,0.5545695424079895,0.24108415842056274,3.8837246894836426
4,0.8697636127471924,9.000000136438757e-05,0.3665289580821991,0.8259629011154175,0.5158947110176086
5,0.8838655948638916,9.000000136438757e-05,0.3229101598262787,0.8338088393211365,0.4430878460407257
6,0.8936126232147217,9.000000136438757e-05,0.2993518114089966,0.7239657640457153,1.074789047241211
7,0.9137287139892578,9.000000136438757e-05,0.24125534296035767,0.5378031134605408,2.76485538482666
8,0.9224388003349304,9.000000136438757e-05,0.22522787749767303,0.7146933078765869,0.7776041030883789
9,0.9377851486206055,2.700000004551839e-05,0.18136416375637054,0.695435106754303,1.2250243425369263
10,0.945665717124939,2.700000004551839e-05,0.1548522561788559,0.7696148157119751,0.7574923634529114
11,0.950850248336792,2.700000004551839e-05,0.14662592113018036,0.7553495168685913,1.0703686475753784
12,0.9554126858711243,8.099999831756577e-06,0.13194265961647034,0.8209700584411621,0.6639137268066406
13,0.9554126858711243,8.099999831756577e-06,0.12988939881324768,0.8744650483131409,0.3892236351966858
14,0.9603898525238037,8.099999831756577e-06,0.11501319706439972,0.8288159966468811,0.5708675384521484
15,0.9653670787811279,8.099999831756577e-06,0.1079617515206337,0.8145506381988525,0.719383716583252
16,0.9659892320632935,8.099999831756577e-06,0.10504888743162155,0.8166904449462891,0.7289556860923767
17,0.9659892320632935,2.429999995001708e-06,0.1053868904709816,0.8380884528160095,0.5674126744270325
18,0.9684777855873108,2.429999995001708e-06,0.10105621814727783,0.8216832876205444,0.6836962699890137
19,0.966611385345459,2.429999995001708e-06,0.09856820851564407,0.8366619348526001,0.5595857501029968
20,0.970551609992981,9.999999974752427e-07,0.08866696059703827,0.8330955505371094,0.5955593585968018
21,0.970551609992981,9.999999974752427e-07,0.09566867351531982,0.832382321357727,0.6017472147941589
