path,size_bytes,size_mb,sha256
ARCHIVE_FORMAT.md,878,0.0008373260498046875,bcc69c95ff40d2055a6c72480e4935d9a1fcb2500c88e6501d713680d50cad38
README.md,2516,0.002399444580078125,e6fbd45816b307387ae569988da90cf9107d1db735c00a143b075edb24db28db
aggregate/aggregate_test_metrics.json,3861,0.0036821365356445312,c8f865b0a30ce3243c5fb820f5982cb7eea92c145ad503c85120d18ab2025d26
aggregate/aggregate_test_results.csv,1320,0.00125885009765625,f52fd2e25b6c322eca61f22bd54bab76e4496460c4040a19b8af43d63f24da7c
aggregate/class_distribution.png,84615,0.08069515228271484,3099dcfcfb203393c323a73713c92387e0539c299f1500c4318f489de2b68c9d
aggregate/per_class_test_mean_std.csv,798,0.0007610321044921875,ceaeb8830e072bd4dd767dd35c4749c2bf1465a0d8a49f307e1ba116393d0315
aggregate/test_mean_std_summary.csv,612,0.000583648681640625,e73ca286cc4e0999094feb60c19b79fe70f7a6ff1277d73b71b64d3fbb97071c
aggregate/thesis_test_mean_std_summary.csv,414,0.0003948211669921875,4b02dd7f85df0e1a6cf66364204fe397340097842e4ff02baf67e75b109ff13a
aggregate/training_summary_5seeds.csv,2135,0.0020360946655273438,c727fccd7a472d63b2b717fd25f572d806146452137832637a8d96042239fd59
aggregate/training_time_mean_std_summary.csv,176,0.0001678466796875,fb6d427f08cc86a1465e9ce3499baf6247ca5cc09f5701c9f254bc5bead10d5b
aggregate/validation_mean_std_summary.csv,380,0.000362396240234375,242134c06fa5f3d5cace746138014af764f12d9a3d8735d3e148d0089375072b
aggregate/validation_results_5seeds.csv,692,0.000659942626953125,65403d0ee8a7430744403e7e607de1414204351ddba8e714a683c5b7e38d2fa6
code/continue_training_example.py,376,0.00035858154296875,6aefb0e9ed5b890257a594915e6c9bd73934f4e7cc1413844cbc67b7ae0224d4
code/densenet121_model_builder.py,1545,0.0014734268188476562,d481e3296230ed7eee09ed074db22e977913902c4f6fe9e8d79256d1c65e2b30
code/yolo_classifier_adapter.py,983,0.0009374618530273438,5c7168f449145be64bf6cdae7135ffc1e0adf825a80dae3e4d67511315e11877
dataset_manifest.csv,563262,0.5371685028076172,43e1d5216cfd80cae01b8f10b7435e3f097b0be2cf27b526fd2a82e141e0dbc9
drive_target.json,223,0.00021266937255859375,4124c9548e76866528a035c1ce85e856f1afc32b8c04f6199c29b4fb31457c38
environment/environment.json,380,0.000362396240234375,934a499c8c341a894fd67323076c986897122398beff6c16591d49111a6da142
environment/requirements.txt,77,7.343292236328125e-05,1a84c706d3e614a096a2edf46b097a13d8ed16ec6161c34eb5b5abc76b56f799
experiment_config.json,3076,0.002933502197265625,4e668fe7424d0ef703c4d85b4f486e5b566aca76653f91e1d6396285ef613ee8
figures/panels/test_confusion_matrices_5seeds_panel.png,227663,0.2171163558959961,c4804b5b431877c94b28a4a8392b1aa695bd499319bf5d18781a7b2004a44911
figures/panels/test_confusion_matrices_normalized_5seeds_panel.png,270350,0.2578258514404297,51191026bea42fa86cbc0bc63cba2548083e008fd1e415210cb8addf961fb023
figures/panels/training_curves_5seeds_panel.png,462583,0.44115352630615234,ce3815425b0a3dc53ac972f9c970b3f242912888276ffb57d18304c67ef247c9
figures/panels/validation_confusion_matrices_5seeds_panel.png,218314,0.20820045471191406,296b6344497d994cf39b29d51df554ba2294c9dfc56bd6a4f2b3eb64f6462026
invalid_images.csv,1,9.5367431640625e-07,01ba4719c80b6fe911b091a7c05124b64eeece964e09c058ef8f9805daca546b
model_package/densenet121_embedding_model.keras,29658455,28.284506797790527,ed0c917b8dde97fdf76c1dd6689b90f985a8d9dcd38fbb48a1ce43bb5d3cfd05
model_package/densenet121_feature_extractor.keras,29656007,28.282172203063965,84ab36e8f5de82a55a66f344d30ae97af96d825996d58690146ba5434f261978
model_package/deployment_metadata.json,1003,0.0009565353393554688,4150ea2e124e1549949ee04937eb511e7bde16d3e21faf9b1596e85cf6e2b0dd
model_package/deployment_model.keras,31806105,30.33266544342041,647b78db4b65e47ad6f01e6fc6bbcd9ed7a11eca22ad90d54e4176287431e3b7
model_package/label_map.json,108,0.000102996826171875,9a665e8179e8bea3f66978f68aaa268974822b9c6eca93829690504f9694317b
seed_123/checkpoints/DENSENET121_SCRATCH_seed_123_best.weights.h5,91537112,87.29659271240234,1d89915dffe6c87e736e3e538390c252b86f309cf8b13b03be93c30d0ad9ad1a
seed_123/figures/accuracy_curve.png,92972,0.08866500854492188,5629aff738b029484f26225f8838e066b1b3dc2f8ee3ca3b727bfe693b2e75e9
seed_123/figures/loss_curve.png,99204,0.09460830688476562,3218d048d7887314d1667225402031e0b00c94389eb17e6688750e8dc33d2363
seed_123/logs/history.csv,2272,0.002166748046875,942b1a8b30d27732145b3d76a56fd002e8a968de561ea2dd46cf52afafc1204a
seed_123/logs/training_log.csv,2294,0.0021877288818359375,b45608a483e33f0f77a987c8d7ce1eaf61fb1df22b7d8fafdec253eb859afa86
seed_123/model_summary.txt,3780,0.003604888916015625,c97b57a35897bf959f4c86c0762ea8eae44d7fc9f8ea67324a9345f12a565b08
seed_123/test_figures/confusion_matrix.png,94195,0.08983135223388672,e7da01bd12ffff6111be1442122f3964a3b1b2a67f75e7ffa1961475c9feaf32
seed_123/test_figures/confusion_matrix_normalized.png,111360,0.106201171875,fc9d703e3368ee2e79376b347a5f6070b308b8d92b298fa2e511a116c0e69aee
seed_123/test_metrics/classification_report.csv,639,0.0006093978881835938,03ec0916aa4180a6dd6103ce0608093e3990d63e78440edf7bc35a2d8f0c5431
seed_123/test_metrics/confusion_matrix.csv,175,0.00016689300537109375,a8d80e3ffce25ba68adc9a4a6e8f0634183033e0e6caaed0fa5bce729b6757e9
seed_123/test_metrics/confusion_matrix_normalized.csv,552,0.00052642822265625,ca0b7e0ea9cd6d3be3bd0e509fe9165266c93bd38a519bcb811c81c236728d56
seed_123/test_metrics/metrics.json,484,0.000461578369140625,e9d76eef0b074ee61b118526a95032d063a865c6f4d646fafd1557188df5f516
seed_123/test_predictions/error_cases/highest_confidence_wrong.csv,2063,0.0019674301147460938,30f60421ec98199e19a041871fe1e97e7e9f168121aebaaa5c47b83eb969e569
seed_123/test_predictions/error_cases/lowest_confidence_correct.csv,2130,0.0020313262939453125,f3b0a562a2791b6a5b8f75996851da3a50781c1b17e1f62b2a7e39d053ef0673
seed_123/test_predictions/predictions.csv,69026,0.06582832336425781,605ec7303ebd05ebb2187c001767115d5a05243df9b480b731e3636155b307d3
seed_123/training_summary.json,762,0.0007266998291015625,4d731660bf13a91eb33ed449a1fd99b30b2b33eeafa090d98eaff18add00292e
seed_123/validation/classification_report.csv,615,0.0005865097045898438,00e7a48c64c7f9cd79c0201fb6eac6e09aeaaeb61f70d8ce6a41932fd17d7fe3
seed_123/validation/confusion_matrix.csv,178,0.0001697540283203125,e295de98056c89b152a75a7c91e60ad30ed9b119b5bda0b6838e40fb7fb6d706
seed_123/validation/confusion_matrix.png,97917,0.09338092803955078,d0623c64c952e412e66f64ee78317ed06941ae4d7eac46c007eed3ed1d0a3bdd
seed_123/validation/confusion_matrix_normalized.csv,519,0.0004949569702148438,c5976e0af99869021312544e46be5d9bcf08817da6af86f574afde6ee8f4913f
seed_123/validation/predictions.csv,140006,0.13352012634277344,38d3aa4197f2c9adc3f6d300a96f6ffa6aa4edca5ef85c55859f4c0d63e4ad96
seed_2026/checkpoints/DENSENET121_SCRATCH_seed_2026_best.weights.h5,91537112,87.29659271240234,f567a780f3ba6077f85d446b394517ac0437ef8f5923336d17abfa0606a0db10
seed_2026/figures/accuracy_curve.png,97508,0.09299087524414062,908d18d0c99ede6d256b41b49ae7391fa542ac4e0b61e4166909574343a0d1e0
seed_2026/figures/loss_curve.png,98847,0.0942678451538086,197cb92812d8944108eb3cfd259c4cb5a3d8ac3440281c412c235b8f564c96e5
seed_2026/logs/history.csv,1980,0.001888275146484375,d5175d1b98c23c9f548ca658ca3b573081b3d4d467f8919122edbde11fdbcbb4
seed_2026/logs/training_log.csv,1999,0.0019063949584960938,50eedbcf19ada326fbf3bac12a0e38449ccfbd102f1fa2a4396c33cef575395c
seed_2026/model_summary.txt,3781,0.0036058425903320312,171091f74a8b13a0765c7be8623e6ed0cca68e9d53eef1004d80ae0e281601d3
seed_2026/test_figures/confusion_matrix.png,93862,0.08951377868652344,fd1ccc21eed31b67a219ba9686242077dc7ba672429f02f686bb73f0ef7bd262
seed_2026/test_figures/confusion_matrix_normalized.png,114306,0.10901069641113281,bb5aa08db8a9cc76023a8bf29f7f54a018543edd6542577da4a6083a54cc1eed
seed_2026/test_metrics/classification_report.csv,615,0.0005865097045898438,0bfcc1c080d678406581deaa5e5d00fc1e22039ce8d977cef3e66dd9f5b171d6
seed_2026/test_metrics/confusion_matrix.csv,177,0.00016880035400390625,5265ba30992cb3e281ace9ee0853c12cc6661d4378932669741fe193f4d1db92
seed_2026/test_metrics/confusion_matrix_normalized.csv,532,0.000507354736328125,46867dc0f078c5cecedb9fb886a507a57e7e709ddfa3fb388698ee3fba9bc40d
seed_2026/test_metrics/metrics.json,485,0.00046253204345703125,6cd4a08c0ad33113c773e27ba31e7ff2b2f9ec0a77051118a16529d2a56a538d
seed_2026/test_predictions/error_cases/highest_confidence_wrong.csv,2010,0.0019168853759765625,6e8b9750a3c7e44a01a3ffcd3a4b84f2f7c306520bd01ac4f81c2cc4d52f1f42
seed_2026/test_predictions/error_cases/lowest_confidence_correct.csv,2148,0.002048492431640625,c2e5418a48188f823030364aa52b3a1f1831c3a06541bde08a419fa3e615caf5
seed_2026/test_predictions/predictions.csv,69120,0.06591796875,081f7ef4beda61545cd48daca628244abd0f8f598778e9c2e19f7301e4702d50
seed_2026/training_summary.json,767,0.0007314682006835938,9f52e854196dd70f97500219b70fd92871ae5f88b66b38750fb002ca901c0311
seed_2026/validation/classification_report.csv,602,0.0005741119384765625,234148f4a13eb57cb0802200bfc658ad6015cbae515f7c0a807d86480dd183b2
seed_2026/validation/confusion_matrix.csv,176,0.0001678466796875,b69784d703d412d93a7aa9bd7f3577c2023e2ac33076c556caeb00ad55555677
seed_2026/validation/confusion_matrix.png,100852,0.09617996215820312,1fc53abcfc810ab9f6da8c8357d344402d5a9d88efecdc24a8c4cc77014b2778
seed_2026/validation/confusion_matrix_normalized.csv,548,0.000522613525390625,a40271f68a695ba47656f7b942ea8230766c4b78d415d6ea2896f70668a5c8f9
seed_2026/validation/predictions.csv,139797,0.13332080841064453,a23fd5c2db7525c944bc83504c8675d9431e749de7bad5d439b9d7bda2b44d40
seed_3407/checkpoints/DENSENET121_SCRATCH_seed_3407_best.weights.h5,91537112,87.29659271240234,d4a656c1683aada7f9ac043f83dc21174a799272d8afa058cb5476bab8e26038
seed_3407/figures/accuracy_curve.png,108379,0.10335826873779297,53a04d966792826ef5436c129e7e92a4ecbdfcf0d7a021632413074375707ce0
seed_3407/figures/loss_curve.png,100753,0.0960855484008789,9f56b6f4a2b12a1469d76487df5a1d61a7045c2a9c27f14ee0744655a0d10b19
seed_3407/logs/history.csv,3813,0.0036363601684570312,9e1eba30c60763ef35b7d266b7f197ceddb90814dcbb869cfafbeb023c84152c
seed_3407/logs/training_log.csv,3850,0.0036716461181640625,c1840f62a701a8c7838c16a25e280ccdc23cfed5b0f071dcdc1a7e5742c1d210
seed_3407/model_summary.txt,3781,0.0036058425903320312,68ad15c03c17f62567f01e21492156669fdc9fce8ab6f719a57baa74670a5145
seed_3407/test_figures/confusion_matrix.png,93708,0.08936691284179688,491bb2f1112ee44e4101c281d1f26d9467672a6edad65d23339c73a9f1562b6a
seed_3407/test_figures/confusion_matrix_normalized.png,112628,0.10741043090820312,a057a75c5dc3014350451ca8d322ff81b7a27e2b8ba893788d1924eab99cd132
seed_3407/test_metrics/classification_report.csv,633,0.0006036758422851562,4e9514cb4519971beca45b0f16b780063fe115130f0de60a93eb2181aef0f132
seed_3407/test_metrics/confusion_matrix.csv,174,0.0001659393310546875,eddc56d1aafa39dd3eea3c6ef16b69b74f88f916af8653236a173ef9fd68c209
seed_3407/test_metrics/confusion_matrix_normalized.csv,485,0.00046253204345703125,4f2ffcca837cac5c2158972952ca845cba5e9d1547676e42028906cfb117e905
seed_3407/test_metrics/metrics.json,484,0.000461578369140625,5ce0d23d0d841c784ed0f1b24927ef0bc3084de4d4db902b171e8434f8f39d18
seed_3407/test_predictions/error_cases/highest_confidence_wrong.csv,2044,0.001949310302734375,02eabd66a9857994366d27c2a4716c767948973eaae3919bbee1ebaaa37e8bf0
seed_3407/test_predictions/error_cases/lowest_confidence_correct.csv,1978,0.0018863677978515625,5c39dccdf5ce7edae956dc9f82aea78905b0d2eedcc9ff4e50e7821067153f05
seed_3407/test_predictions/predictions.csv,68923,0.06573009490966797,60ff140075e0af1c3f5e8772ad833e940418ec5030e0b3709943ad4aa18e45d0
seed_3407/training_summary.json,766,0.0007305145263671875,93c3022c616ab97160d010159054b1dd4577440760f84b0bfe44baf3fe6cf2b2
seed_3407/validation/classification_report.csv,628,0.000598907470703125,02186964ab242828675eed687ea8d4272f56203f38ad2946696434ba10810305
seed_3407/validation/confusion_matrix.csv,174,0.0001659393310546875,f1715cf90ea19edf3c66b43fc0d37df92479292f51fb3fea1eddf9d5254ba36e
seed_3407/validation/confusion_matrix.png,99554,0.09494209289550781,547885c5adc985fd3b315ed86a1299aadbb35fa14677de3de25dce1113f38f50
seed_3407/validation/confusion_matrix_normalized.csv,543,0.0005178451538085938,31e88a7290155f2cebceb5e9a5e7bc5894ec67406f578f4f4a70dce3fd4c3e25
seed_3407/validation/predictions.csv,139733,0.13325977325439453,bcc60c263d8fce3c4962014694af1483bc9b0836469601d1d9b40d7d27b38dea
seed_42/checkpoints/DENSENET121_SCRATCH_seed_42_best.weights.h5,91537112,87.29659271240234,49477b44a1d8c92e4660be14de0b3e31211bf339cf7bb0b797c03d784a4ffe90
seed_42/figures/accuracy_curve.png,100888,0.09621429443359375,3a5c539e6e73cddbb5e7a0d96f8ee69b858a02990963381c40c0c8382cffacb6
seed_42/figures/loss_curve.png,84368,0.0804595947265625,8f3d8fe2b5597fc741ada4602f3a8af33b3f8cc203132f9dada105f7461bddd2
seed_42/logs/history.csv,3303,0.0031499862670898438,d31000b965870e3445b928f3574d031512797f6cf863ffd102b62e1a953de6e6
seed_42/logs/training_log.csv,3335,0.0031805038452148438,5d04aa61462f0cb65442590f5636881d0c37af8c38da9a4839951a907ae4182e
seed_42/model_summary.txt,3779,0.0036039352416992188,7d93864adedc5c088c7d19231784b697db7f7150e7f5c88d86d66da48a75a3ac
seed_42/test_figures/confusion_matrix.png,92194,0.08792304992675781,d3ab0a95e2c6f413d8d15443d92a32953b8a1e2cdbd94cb0494c651ed183422f
seed_42/test_figures/confusion_matrix_normalized.png,111308,0.10615158081054688,87d417c5bdecff87d351f9dc04e8e3b0f5c11ad8b51656ca2f16ca0a362ed9a7
seed_42/test_metrics/classification_report.csv,600,0.00057220458984375,d809e2175f0558ad190a76d5165ce2cf400363794808b1f34318ee76d470c8fb
seed_42/test_metrics/confusion_matrix.csv,174,0.0001659393310546875,8af7f570659fece5b70e4bdf58dc46d89a7bfce5e38905adac922774b8248c51
seed_42/test_metrics/confusion_matrix_normalized.csv,448,0.00042724609375,406130297ec423bfc0c04add14a7e685c4d6d81750bf8651285cca68f5ce9b7f
seed_42/test_metrics/metrics.json,484,0.000461578369140625,0c1ad57507dec2a568a42dd7c803a96fb0601be5890b98bc64626f1136da4643
seed_42/test_predictions/error_cases/highest_confidence_wrong.csv,2086,0.0019893646240234375,04b88aa7715b84ecd45908d6f3530b3f5ab20aa6bf6e05a86474050f823d1e35
seed_42/test_predictions/error_cases/lowest_confidence_correct.csv,2121,0.0020227432250976562,507ff5e6f1ac4d98b155d87ffcf61a364f78cf59c4be43de2281eca9771cda00
seed_42/test_predictions/predictions.csv,68964,0.06576919555664062,e585be9480312be0e7e8ac784acba3f38d6a623b551a4fe0afc0a97e77e7a886
seed_42/training_summary.json,758,0.0007228851318359375,206e7036ed7356f5e1fe9014f1fe4434b5265740f69e74670ee3a9bc31d0796b
seed_42/validation/classification_report.csv,617,0.0005884170532226562,573217d85d77556347d340de002a36f8ea2b4a502f258bb44fd912ecab6cac39
seed_42/validation/confusion_matrix.csv,177,0.00016880035400390625,01ed81eb1930cfe6e08083bb07afc9274ff4762f6ccc51f5a99347ed13e3f32c
seed_42/validation/confusion_matrix.png,97265,0.0927591323852539,9d49067c5bb6ac74c31512e99c86f4b44c8234b9b7f1275e0ec8a6a37c666f17
seed_42/validation/confusion_matrix_normalized.csv,520,0.00049591064453125,85107ecab4c0ba90a4e73d38071dc9948bfc4c9e1a7ae5aa229dc5e3babdd451
seed_42/validation/predictions.csv,139633,0.1331644058227539,e45330d75b2e5982a56368bd43bb8336ed4c5f6c9ec85fa501ad8723a5888284
seed_7777/checkpoints/DENSENET121_SCRATCH_seed_7777_best.weights.h5,91537112,87.29659271240234,0b9873b24c4a81a234d0571678a7e59da9b62453be3b2fec41c7ba528e3934ad
seed_7777/figures/accuracy_curve.png,100702,0.09603691101074219,ecee1c2bdd137988efaccb986fa555b0594387f396e0d815f0925b9e097bbb22
seed_7777/figures/loss_curve.png,96378,0.09191322326660156,996f9e0a8c9c14c7e900111af93f9e05c1fc558ffb89b3816fe5772bc612b9b4
seed_7777/logs/history.csv,1667,0.0015897750854492188,459340f8c1d1b58e25d039ffec747ed90fddb94cfb491d6d710810f8d800c860
seed_7777/logs/training_log.csv,1683,0.0016050338745117188,8ee0e69a73a2efc216ac8d71048aeacc60b7585b925ba371ed09cea38160fd7a
seed_7777/model_summary.txt,3781,0.0036058425903320312,fbfa8c4a639850ab7d26e75d0f00aa3ef4e5f1df46c126754daebe05e9353757
seed_7777/test_figures/confusion_matrix.png,95604,0.09117507934570312,744eccdf67a51ca43978bcbcd397e903ad8f42bfa90c33a02d3bc26ed0a95f13
seed_7777/test_figures/confusion_matrix_normalized.png,115042,0.10971260070800781,728216db2fe2fd0e0541576d18ba0af10324972d9da6818f9514557694ddf8e8
seed_7777/test_metrics/classification_report.csv,634,0.0006046295166015625,035e72a2dc6523f9a2c5a9f4ba791c7614a8b3e9d06322a7926c1d8cdb1b5d90
seed_7777/test_metrics/confusion_matrix.csv,175,0.00016689300537109375,5798fb6dd9cf66174fdd20ce8bd351081131b0dd2ebddd027cb715c84fe25b24
seed_7777/test_metrics/confusion_matrix_normalized.csv,516,0.000492095947265625,612141602c42cc307b26db2795b26893eb0f2c91c80e55e876a1e1766dd27e5a
seed_7777/test_metrics/metrics.json,483,0.00046062469482421875,4a928ef6202cc1af27eb13ccbaaecffb83858dfe7454a1c90bb85f2e4938fd44
seed_7777/test_predictions/error_cases/highest_confidence_wrong.csv,2048,0.001953125,bcdf3f83c3d02afa0ba82052a01ba8db69cdc01f3da4d309ef7b1eb982ce10d0
seed_7777/test_predictions/error_cases/lowest_confidence_correct.csv,1966,0.0018749237060546875,4a57f6c651288900f9e1280c9652c983feec9ff0c0b8b9d4c13b561e6b33e36d
seed_7777/test_predictions/predictions.csv,69078,0.06587791442871094,b5adc660058e5913804738cd0bd672b6e89c3635f8898074a31f29833b2ddcca
seed_7777/training_summary.json,764,0.000728607177734375,e0f639620fd38c974fd1adaae8a98173b59f397ac56080c454e4751fe3008d4e
seed_7777/validation/classification_report.csv,629,0.0005998611450195312,0bb6573d9948ae3a929d31aa1897fb81412179c56c678193023c8cb02fef22b0
seed_7777/validation/confusion_matrix.csv,179,0.00017070770263671875,eaf6d16acd839b4ea7345cc3cd57c97231d515d9a63b722d3fddc2befc1cbcb6
seed_7777/validation/confusion_matrix.png,100131,0.09549236297607422,90f2e9952e4baed33d9191bb8004d8f71db30e26c1de039a8c3b8562cfd281d2
seed_7777/validation/confusion_matrix_normalized.csv,529,0.0005044937133789062,6aea64436b925fa69b971a20334a1a676f39277ca9e0157e811c7bb57bbf84e8
seed_7777/validation/predictions.csv,139777,0.1333017349243164,268f590151b7bb3cfd51aae22e2e59b3457114ceeb1d46ab06388cd77fd80d99
unknown_files.csv,1,9.5367431640625e-07,01ba4719c80b6fe911b091a7c05124b64eeece964e09c058ef8f9805daca546b
